timestamp,price
31290085,27.31
31297293,27.3
31329492,27.31
31329864,27.32
31347050,27.31
31386100,27.32
31533732,27.33
31961514,27.3
31967247,27.33
31977716,27.3
32009519,27.33
32561724,27.32
32590238,27.33
32785049,27.32
32849199,27.31
32854446,27.32
33005647,27.39
33005648,27.33
33054326,27.39
33079363,27.38
33119762,27.33
33152776,27.38
33334367,27.31
33371480,27.38
33515979,27.33
33680817,27.38
33728895,27.32
33731524,27.38
33807434,27.3
33818005,27.29
33820323,27.3
33842255,27.38
33842256,27.32
34055407,27.31
34058374,27.32
34061157,27.38
34061158,27.33
34110025,27.32
34111574,27.31
34127990,27.32
34172446,27.29
34186512,27.28
34187873,27.27
34193704,27.26
34195121,27.25
34196297,27.26
34196735,27.27
34200699,27.26
34200749,27.25
34200999,27.23
34201184,27.25
34202962,27.24
34205344,27.25
34205726,27.26
34205743,27.25
34205770,27.24
34206176,27.25
34206309,27.26
34206441,27.24
34206531,27.25
34206871,27.26
34207237,27.27
34207482,27.26
34207583,27.27
34207657,27.28
34208020,27.27
34208052,27.28
34209057,27.27
34209143,27.25
34210749,27.24
34210801,27.23
34210846,27.22
34215660,27.23
34219031,27.24
34219331,27.25
34220662,27.24
34220753,27.25
34220776,27.26
34221004,27.25
34221203,27.26
34221324,27.27
34221366,27.28
34221531,27.29
34222068,27.28
34222269,27.29
34223556,27.28
34223573,27.27
34223578,27.26
34223591,27.24
34223645,27.23
34223646,27.22
34223654,27.2
34223658,27.19
34223709,27.18
34223711,27.17
34223762,27.16
34223888,27.15
34223919,27.11
34223920,27.15
34223921,27.11
34223922,27.15
34223971,27.14
34224023,27.15
34224135,27.14
34224203,27.15
34224256,27.14
34224273,27.15
34224285,27.14
34224584,27.15
34224654,27.14
34224670,27.15
34225536,27.13
34227740,27.12
34228334,27.11
34228344,27.1
34228565,27.11
34228884,27.1
34229128,27.11
34229210,27.12
34230215,27.11
34231545,27.12
34231938,27.1
34231965,27.09
34232096,27.12
34232207,27.11
34232210,27.12
34232257,27.13
34232259,27.12
34232604,27.11
34232629,27.1
34232833,27.09
34232873,27.1
34233025,27.11
34233332,27.12
34233383,27.11
34233396,27.1
34233412,27.09
34234371,27.1
34235085,27.08
34235194,27.09
34236258,27.08
34236655,27.09
34236814,27.08
34236834,27.09
34237219,27.08
34238202,27.09
34238255,27.08
34238544,27.09
34239067,27.1
34239714,27.11
34241663,27.12
34241847,27.13
34243993,27.12
34247449,27.13
34247837,27.12
34260479,27.11
34260485,27.1
34260631,27.09
34260632,27.11
34260635,27.1
34260715,27.11
34260773,27.1
34260845,27.11
34272204,27.12
34272339,27.13
34272424,27.14
34272475,27.15
34274051,27.16
34274570,27.17
34274615,27.18
34276819,27.17
34277680,27.18
34280719,27.17
34282573,27.16
34288099,27.17
34288419,27.18
34290735,27.17
34291768,27.16
34291960,27.17
34293747,27.16
34294005,27.17
34294310,27.18
34296490,27.19
34299596,27.18
34306138,27.19
34306470,27.2
34308290,27.19
34308442,27.2
34309443,27.19
34309469,27.18
34310503,27.19
34310532,27.2
34311438,27.19
34312057,27.2
34313725,27.19
34314788,27.2
34315078,27.21
34316384,27.22
34317611,27.23
34317730,27.22
34317962,27.23
34318993,27.22
34319771,27.21
34323832,27.2
34325488,27.21
34325492,27.2
34326047,27.21
34326557,27.2
34327546,27.19
34328624,27.18
34328644,27.19
34328794,27.18
34328808,27.17
34328943,27.18
34330693,27.17
34330734,27.18
34331424,27.17
34331426,27.18
34332071,27.17
34332732,27.18
34343023,27.19
34346860,27.18
34347397,27.19
34347409,27.18
34348137,27.19
34349782,27.18
34350683,27.19
34350784,27.2
34350785,27.19
34350787,27.2
34350789,27.19
34350792,27.2
34350885,27.21
34350960,27.22
34350967,27.22
34351040,27.23
34351189,27.22
34351194,27.21
34351957,27.2
34352109,27.19
34352467,27.2
34354149,27.19
34354193,27.18
34358885,27.19
34358902,27.18
34358903,27.19
34358904,27.18
34358910,27.19
34358935,27.2
34358936,27.19
34358956,27.18
34359685,27.17
34359751,27.16
34360354,27.17
34362475,27.16
34363419,27.15
34363486,27.14
34364189,27.13
34364191,27.14
34364198,27.15
34364407,27.14
34364416,27.15
34364417,27.13
34364419,27.14
34364491,27.13
34364493,27.14
34364640,27.14
34364798,27.13
34364814,27.14
34364862,27.13
34365222,27.12
34365224,27.13
34365225,27.13
34365227,27.14
34365405,27.13
34365602,27.12
34365605,27.13
34365736,27.12
34366227,27.13
34367297,27.12
34367327,27.13
34368854,27.12
34368865,27.13
34368893,27.12
34380754,27.11
34380791,27.12
34381277,27.11
34381563,27.12
34382346,27.11
34383329,27.1
34383526,27.09
34383704,27.08
34383705,27.09
34383727,27.08
34383729,27.09
34383762,27.08
34386747,27.09
34386749,27.08
34386762,27.09
34386763,27.08
34386764,27.09
34386765,27.08
34386766,27.09
34386767,27.09
34386769,27.09
34386770,27.08
34386790,27.09
34386800,27.09
34387121,27.08
34388918,27.09
34388935,27.08
34389063,27.07
34389065,27.08
34389112,27.09
34390235,27.08
34390237,27.09
34390238,27.08
34390253,27.07
34390419,27.06
34390577,27.04
34390686,27.03
34390708,27.02
34390711,27.03
34390713,27.02
34390715,27.03
34390725,27.02
34390727,27.03
34390751,27.02
34390899,27.01
34393595,27.0
34393598,27.01
34393605,27.0
34393758,27.01
34394161,27.0
34394379,27.01
34398304,27.0
34398337,26.99
34398361,26.97
34398509,26.96
34398582,26.93
34398607,26.94
34398609,26.93
34398630,26.94
34398635,26.93
34398724,26.94
34398726,26.93
34398914,26.92
34399508,26.93
34399606,26.92
34399608,26.93
34399687,26.94
34399706,26.93
34399748,26.94
34400565,26.95
34401144,26.94
34401229,26.93
34401246,26.92
34401247,26.93
34401249,26.92
34401252,26.93
34401254,26.92
34401255,26.93
34401257,26.92
34401259,26.93
34401261,26.92
34401264,26.93
34401265,26.92
34401272,26.93
34401273,26.92
34401275,26.93
34401276,26.92
34401343,26.94
34401344,26.94
34401746,26.95
34401757,26.94
34401758,26.95
34401759,26.94
34401776,26.95
34401893,26.96
34402253,26.97
34403432,26.96
34403965,26.95
34404657,26.96
34404852,26.97
34406394,26.98
34406416,26.99
34406482,27.0
34406786,26.99
34410627,27.0
34411075,27.01
34412040,27.02
34412271,27.01
34413353,27.02
34413459,27.03
34413537,27.04
34414791,27.03
34414814,27.04
34420279,27.03
34425737,27.04
34426588,27.03
34426762,27.04
34431135,27.05
34432596,27.04
34432916,27.05
34433037,27.06
34433059,27.07
34433424,27.08
34433550,27.07
34433661,27.08
34433764,27.09
34434966,27.1
34440221,27.09
34440222,27.1
34440967,27.11
34442637,27.1
34442983,27.09
34443013,27.1
34445088,27.09
34445089,27.1
34445508,27.09
34453370,27.08
34466451,27.09
34466784,27.08
34467740,27.07
34471831,27.06
34473021,27.05
34473028,27.06
34473033,27.05
34473043,27.06
34473058,27.05
34473150,27.04
34474085,27.03
34474230,27.02
34474417,27.03
34474420,27.04
34474424,27.03
34474427,27.04
34474432,27.05
34474815,27.06
34476081,27.05
34476127,27.06
34477247,27.05
34477269,27.06
34483418,27.07
34484493,27.06
34485447,27.07
34486411,27.06
34486553,27.05
34486886,27.06
34499595,27.05
34503693,27.04
34504218,27.03
34511645,27.04
34515284,27.03
34515311,27.04
34515437,27.03
34516269,27.04
34516271,27.03
34517118,27.04
34517119,27.03
34517125,27.04
34517127,27.03
34517141,27.04
34517142,27.03
34517152,27.04
34517153,27.03
34517154,27.04
34517155,27.04
34517157,27.03
34517184,27.04
34517190,27.03
34517191,27.04
34517202,27.03
34517210,27.04
34517218,27.03
34521863,27.04
34521864,27.03
34521865,27.04
34521866,27.03
34521871,27.04
34521872,27.03
34527677,27.02
34528577,27.03
34528944,27.02
34529182,27.01
34529614,27.02
34533276,27.01
34538666,27.02
34548678,27.03
34549005,27.04
34551310,27.05
34552387,27.04
34554444,27.05
34558858,27.03
34568004,27.04
34574224,27.05
34577501,27.04
34603350,27.03
34605809,27.02
34610747,27.01
34616914,27.02
34617723,27.03
34618475,27.04
34619998,27.05
34623449,27.06
34623569,27.07
34629475,27.06
34631868,27.05
34632244,27.06
34633315,27.05
34640301,27.06
34641000,27.07
34644495,27.08
34644530,27.07
34645435,27.08
34648520,27.09
34649592,27.08
34649921,27.09
34649928,27.08
34650503,27.09
34650871,27.08
34655601,27.07
34656678,27.06
34657902,27.07
34658918,27.06
34662423,27.05
34662652,27.04
34664638,27.03
34665118,27.04
34666051,27.03
34670566,27.02
34675381,27.01
34696727,27.02
34696728,27.01
34697508,27.02
34697509,27.01
34697513,27.02
34697514,27.01
34711082,27.02
34711083,27.01
34711326,27.02
34711329,27.01
34711653,27.02
34711654,27.01
34716907,27.02
34717185,27.01
34717218,27.02
34717423,27.01
34722246,27.0
34722385,26.99
34722559,27.0
34723868,26.99
34724548,27.0
34726087,26.99
34733488,27.0
34737501,27.01
34737781,27.02
34738155,27.03
34738185,27.04
34738379,27.05
34739700,27.06
34742646,27.05
34743760,27.06
34744328,27.05
34746079,27.06
34749697,27.07
34753086,27.08
34757469,27.09
34759513,27.1
34759549,27.11
34765024,27.12
34767623,27.11
34768123,27.12
34768237,27.13
34769504,27.12
34769590,27.11
34769831,27.1
34769910,27.11
34770097,27.1
34771641,27.09
34776833,27.1
34777962,27.11
34778177,27.1
34782448,27.09
34791087,27.1
34793143,27.11
34793513,27.12
34798034,27.11
34800580,27.1
34800910,27.09
34801060,27.08
34801153,27.07
34805306,27.06
34807782,27.07
34809430,27.06
34809783,27.07
34810087,27.08
34810399,27.09
34810706,27.1
34811066,27.09
34811399,27.08
34812684,27.07
34812817,27.06
34815589,27.05
34819226,27.06
34820265,27.07
34820266,27.06
34820267,27.07
34820268,27.06
34821681,27.07
34821682,27.06
34821704,27.07
34821710,27.06
34821711,27.06
34831949,27.05
34839549,27.04
34839789,27.03
34840028,27.02
34840926,27.01
34841954,27.0
34843156,26.99
34856170,26.98
34856593,26.97
34879919,26.96
34892630,26.95
34892664,26.96
34892968,26.95
34892999,26.96
34893086,26.95
34893125,26.96
34893409,26.95
34893440,26.96
34893550,26.95
34893583,26.96
34893584,26.95
34893585,26.96
34893586,26.95
34893599,26.96
34893653,26.95
34893688,26.96
34893707,26.95
34893710,26.96
34894013,26.95
34894041,26.95
34894051,26.96
34895352,26.95
34895403,26.96
34896862,26.95
34897380,26.96
34899176,26.95
34899227,26.94
34899228,26.95
34899282,26.95
34899303,26.94
34899716,26.95
34899729,26.94
34901464,26.93
34901503,26.92
34902092,26.91
34903010,26.9
34903057,26.91
34907752,26.92
34907829,26.93
34907830,26.92
34907831,26.93
34907832,26.92
34907838,26.93
34907839,26.93
34907840,26.92
34907842,26.92
34907846,26.93
34907847,26.92
34907929,26.93
34907930,26.92
34907954,26.93
34907956,26.93
34907976,26.92
34908098,26.93
34908106,26.92
34908124,26.93
34908127,26.92
34910539,26.93
34910540,26.92
34910955,26.93
34911348,26.94
34911363,26.93
34912502,26.94
34912503,26.94
34912504,26.93
34912509,26.94
34912510,26.93
34912511,26.94
34912512,26.93
34912651,26.94
34912652,26.94
34912653,26.93
34915598,26.93
34915817,26.94
34915867,26.93
34921264,26.92
34921295,26.91
34921558,26.9
34922626,26.89
34955402,26.88
34955702,26.89
34963186,26.9
34966193,26.89
34966194,26.88
34966269,26.87
34966290,26.86
34966302,26.88
34966304,26.87
34966308,26.88
34966315,26.87
34969156,26.86
34975085,26.87
34975221,26.88
34975470,26.89
34975745,26.9
34977395,26.89
34977543,26.88
34977942,26.87
34979854,26.88
34980740,26.89
34980999,26.9
34981013,26.89
34981594,26.88
34982838,26.89
34989421,26.9
34989619,26.89
34989822,26.9
34993255,26.91
34993488,26.92
34993740,26.93
34994152,26.94
34994313,26.93
34995203,26.94
34995542,26.95
34995626,26.96
34995653,26.97
34996513,26.96
34996584,26.95
34997651,26.94
35001663,26.93
35001805,26.92
35002283,26.93
35006145,26.94
35006161,26.95
35008150,26.95
35008164,26.96
35008712,26.97
35008863,26.96
35011663,26.95
35011927,26.94
35017703,26.93
35017810,26.92
35017840,26.91
35021602,26.92
35021658,26.93
35022591,26.92
35023711,26.93
35024299,26.92
35029184,26.91
35038804,26.9
35042566,26.9
35042567,26.91
35042570,26.91
35042744,26.92
35044386,26.93
35065795,26.92
35065811,26.91
35066132,26.92
35069590,26.91
35073140,26.9
35078155,26.89
35088042,26.9
35088202,26.89
35088563,26.88
35089000,26.89
35090062,26.88
35090134,26.89
35090891,26.9
35095763,26.91
35095905,26.9
35101152,26.89
35101456,26.88
35124450,26.87
35124462,26.88
35124613,26.87
35125578,26.86
35134522,26.87
35137988,26.88
35138541,26.87
35138544,26.88
35139299,26.87
35139379,26.88
35139565,26.87
35144151,26.86
35147321,26.87
35147532,26.86
35155390,26.87
35161131,26.88
35163065,26.89
35163604,26.9
35163667,26.91
35163683,26.9
35164143,26.91
35172506,26.9
35172528,26.89
35180090,26.9
35183477,26.91
35186403,26.9
35186551,26.89
35186728,26.88
35187299,26.89
35190191,26.9
35194117,26.91
35194972,26.92
35195496,26.91
35195575,26.9
35199089,26.91
35199537,26.92
35199953,26.91
35201538,26.92
35201724,26.91
35201844,26.9
35202274,26.91
35203736,26.92
35203967,26.91
35204041,26.9
35204606,26.89
35205789,26.9
35208007,26.91
35208533,26.92
35208749,26.93
35209378,26.94
35212932,26.95
35215048,26.94
35215833,26.95
35217786,26.96
35219463,26.95
35220323,26.96
35220613,26.95
35220946,26.96
35221975,26.95
35223891,26.96
35224061,26.95
35225182,26.94
35225841,26.95
35227791,26.96
35228803,26.95
35233252,26.96
35234536,26.95
35234539,26.96
35234880,26.95
35239079,26.94
35239155,26.93
35239336,26.94
35239453,26.93
35239851,26.94
35240099,26.93
35240542,26.94
35240572,26.95
35243798,26.96
35243966,26.95
35244180,26.96
35244840,26.97
35244969,26.96
35248889,26.97
35249686,26.96
35250939,26.97
35252858,26.96
35252991,26.97
35253357,26.96
35254795,26.95
35254871,26.94
35255070,26.95
35259207,26.94
35259306,26.93
35266926,26.94
35267882,26.95
35279570,26.96
35286498,26.95
35286532,26.94
35287633,26.95
35288908,26.94
35291016,26.93
35292957,26.94
35293075,26.95
35296653,26.94
35301817,26.95
35305872,26.96
35306781,26.97
35306893,26.98
35307436,26.97
35310062,26.96
35311025,26.95
35311057,26.96
35318046,26.94
35318047,26.94
35319096,26.95
35320898,26.96
35321317,26.95
35323522,26.94
35324689,26.95
35326232,26.94
35326983,26.95
35328384,26.94
35328395,26.95
35335614,26.94
35338760,26.95
35338942,26.96
35340676,26.95
35344154,26.94
35347816,26.93
35348443,26.94
35353579,26.93
35354582,26.94
35359798,26.95
35389009,26.94
35409365,26.93
35418539,26.92
35418545,26.93
35426828,26.94
35429650,26.95
35430609,26.96
35431561,26.97
35435608,26.98
35436131,26.99
35443094,26.98
35443197,26.99
35445179,26.98
35445310,26.97
35446614,26.96
35446725,26.95
35446999,26.94
35447692,26.95
35448306,26.94
35448926,26.93
35449380,26.92
35449673,26.91
35450897,26.92
35450915,26.93
35451516,26.94
35451941,26.95
35461619,26.94
35461650,26.93
35461726,26.94
35462487,26.93
35484084,26.92
35491679,26.91
35498220,26.9
35505842,26.89
35517163,26.88
35533811,26.89
35534178,26.9
35534412,26.91
35534520,26.92
35535233,26.93
35535388,26.92
35542550,26.93
35543653,26.92
35543752,26.91
35543856,26.9
35544126,26.89
35545301,26.9
35558760,26.89
35558878,26.88
35563133,26.89
35565458,26.88
35568951,26.87
35569401,26.88
35584734,26.89
35588372,26.9
35591284,26.89
35597999,26.88
35606299,26.89
35606364,26.9
35629887,26.91
35630860,26.92
35634832,26.93
35637304,26.92
35670468,26.93
35675011,26.92
35683450,26.93
35683918,26.94
35685442,26.93
35685864,26.94
35691992,26.93
35693665,26.92
35693696,26.93
35694016,26.94
35694447,26.95
35700495,26.94
35703337,26.93
35707362,26.92
35707497,26.91
35710374,26.9
35711006,26.89
35711505,26.9
35712225,26.89
35721270,26.9
35721346,26.91
35721550,26.92
35722409,26.91
35722981,26.9
35723034,26.89
35723055,26.9
35723077,26.89
35737022,26.88
35737023,26.89
35745761,26.88
35746543,26.89
35747969,26.88
35749988,26.87
35753284,26.86
35753286,26.87
35756473,26.86
35762811,26.85
35764109,26.84
35764249,26.83
35774293,26.82
35777874,26.83
35777930,26.84
35779691,26.83
35791759,26.84
35791880,26.85
35792429,26.84
35793917,26.85
35793945,26.84
35795612,26.83
35801131,26.84
35801154,26.85
35801838,26.84
35801964,26.83
35806077,26.84
35814209,26.85
35816893,26.86
35817191,26.87
35817802,26.86
35822735,26.87
35835311,26.86
35840112,26.87
35840155,26.88
35841442,26.87
35842620,26.88
35842778,26.87
35842799,26.88
35847013,26.89
35847601,26.9
35848319,26.89
35849015,26.88
35856631,26.87
35856848,26.86
35859763,26.85
35861091,26.86
35861300,26.87
35861921,26.88
35863284,26.87
35863725,26.86
35865597,26.87
35868512,26.88
35869699,26.87
35872101,26.88
35881052,26.89
35881162,26.88
35881165,26.89
35881722,26.88
35881754,26.87
35881883,26.86
35889572,26.85
35892415,26.86
35894018,26.85
35897606,26.84
35898719,26.83
35898975,26.84
35916916,26.83
35918484,26.82
35924884,26.81
35924885,26.82
35925463,26.81
35933271,26.82
35933307,26.83
35937028,26.84
35938296,26.85
35938300,26.84
35938329,26.85
35938519,26.84
35938624,26.85
35942744,26.84
35943121,26.83
35943162,26.82
35945036,26.83
35947063,26.82
35954630,26.83
35956403,26.82
35958575,26.83
35960227,26.82
35972159,26.83
35972749,26.82
35993832,26.81
35994899,26.82
36000895,26.81
36001243,26.82
36001264,26.81
36001273,26.82
36001774,26.81
36019382,26.82
36019551,26.81
36020740,26.82
36022807,26.83
36025504,26.82
36027223,26.83
36027894,26.82
36030698,26.83
36031204,26.84
36031894,26.83
36032944,26.84
36033069,26.83
36033154,26.82
36033884,26.83
36034031,26.84
36036927,26.85
36042398,26.84
36042499,26.83
36044591,26.84
36046818,26.85
36048758,26.84
36049929,26.85
36052402,26.84
36056918,26.85
36059981,26.86
36059982,26.85
36062441,26.84
36068712,26.83
36069820,26.84
36071674,26.83
36082746,26.84
36086272,26.83
36087617,26.84
36090577,26.85
36093695,26.84
36093777,26.85
36096602,26.86
36097505,26.85
36122594,26.84
36122937,26.83
36123568,26.84
36133033,26.83
36133759,26.84
36137019,26.83
36145336,26.84
36148787,26.83
36148945,26.82
36149588,26.81
36149894,26.82
36151005,26.81
36151228,26.82
36151501,26.81
36156501,26.82
36163696,26.81
36169905,26.8
36170329,26.79
36170368,26.78
36170369,26.79
36176188,26.8
36180918,26.79
36185416,26.78
36185547,26.77
36186169,26.78
36186631,26.79
36190370,26.78
36190899,26.77
36196448,26.78
36197133,26.79
36198719,26.78
36204429,26.79
36207445,26.8
36207584,26.81
36207703,26.82
36214747,26.81
36214880,26.8
36215375,26.79
36219054,26.78
36219936,26.77
36220099,26.76
36220151,26.77
36223534,26.76
36223717,26.77
36225622,26.76
36225793,26.77
36227086,26.78
36239871,26.77
36240015,26.76
36244351,26.77
36250940,26.78
36254377,26.79
36254437,26.8
36255014,26.81
36255199,26.82
36257435,26.81
36257519,26.8
36258912,26.79
36259904,26.78
36260069,26.79
36260368,26.8
36261611,26.79
36263070,26.8
36263617,26.81
36264713,26.8
36264865,26.79
36265439,26.8
36269120,26.81
36270319,26.8
36272334,26.79
36274995,26.8
36275308,26.79
36277629,26.8
36287158,26.79
36290581,26.8
36291820,26.79
36300247,26.78
36300675,26.77
36305462,26.76
36305463,26.77
36305464,26.77
36308900,26.78
36315559,26.77
36321657,26.76
36351408,26.77
36353064,26.76
36354862,26.77
36361130,26.76
36365620,26.75
36366663,26.74
36369293,26.73
36373659,26.72
36376461,26.71
36404410,26.72
36404444,26.73
36405109,26.74
36405398,26.73
36407343,26.74
36416039,26.73
36416753,26.74
36418855,26.75
36432321,26.76
36434941,26.75
36441165,26.74
36442719,26.75
36447206,26.74
36447738,26.73
36452867,26.74
36453070,26.73
36458038,26.74
36460720,26.73
36466732,26.72
36467036,26.73
36476555,26.74
36476664,26.75
36477707,26.74
36487927,26.75
36488688,26.76
36492396,26.75
36493003,26.76
36520635,26.77
36527982,26.76
36528543,26.75
36529285,26.74
36534530,26.73
36536813,26.74
36543036,26.75
36554343,26.76
36560698,26.75
36561629,26.74
36564116,26.75
36564937,26.76
36565233,26.75
36566715,26.74
36577609,26.75
36577930,26.76
36585671,26.75
36591154,26.76
36601769,26.75
36605759,26.76
36606234,26.77
36606426,26.76
36608382,26.77
36617203,26.78
36617320,26.79
36617536,26.78
36622245,26.77
36623587,26.78
36626476,26.77
36629394,26.78
36630042,26.79
36638523,26.78
36646209,26.79
36646961,26.78
36650371,26.77
36652174,26.76
36652791,26.77
36663777,26.78
36667803,26.79
36669165,26.78
36671202,26.79
36678222,26.8
36678829,26.81
36679243,26.8
36684345,26.81
36684400,26.82
36688268,26.83
36690870,26.82
36690992,26.81
36699659,26.82
36701518,26.83
36703468,26.82
36721672,26.83
36722676,26.84
36723337,26.85
36737388,26.84
36738669,26.83
36739068,26.84
36748139,26.85
36756285,26.84
36756656,26.83
36760834,26.82
36761086,26.81
36764130,26.82
36764324,26.83
36764915,26.82
36765051,26.81
36765836,26.8
36766779,26.81
36766806,26.82
36769417,26.81
36771498,26.8
36771923,26.81
36772617,26.8
36779200,26.81
36784605,26.8
36784781,26.79
36785238,26.78
36787550,26.79
36787704,26.8
36788346,26.79
36792336,26.78
36792337,26.78
36795678,26.79
36799249,26.78
36807701,26.77
36816092,26.78
36820219,26.77
36836828,26.76
36841198,26.77
36841477,26.78
36842624,26.77
36846013,26.78
36851228,26.77
36854388,26.76
36856640,26.75
36857667,26.76
36861672,26.75
36868967,26.76
36870278,26.77
36871848,26.76
36881237,26.77
36882720,26.76
36887463,26.75
36904758,26.74
36904995,26.75
36905221,26.76
36906017,26.75
36906064,26.74
36907197,26.75
36908376,26.74
36920943,26.75
36922354,26.74
36960988,26.75
36961274,26.75
36961275,26.74
36967442,26.75
36969428,26.76
36969480,26.77
36972327,26.76
36974630,26.77
36975258,26.76
36981742,26.77
36982284,26.76
36982465,26.75
36982857,26.74
36985528,26.75
36996269,26.74
37005106,26.75
37005237,26.76
37017990,26.75
37018447,26.74
37019743,26.75
37025760,26.76
37025832,26.77
37026238,26.78
37032466,26.77
37032655,26.76
37032829,26.75
37033424,26.76
37038248,26.75
37039747,26.74
37039932,26.75
37041927,26.74
37049224,26.73
37052839,26.74
37052866,26.75
37053958,26.74
37057473,26.75
37082275,26.76
37092294,26.75
37092619,26.74
37092826,26.75
37096653,26.74
37099673,26.73
37100132,26.74
37126978,26.75
37127251,26.74
37130286,26.75
37146451,26.74
37146452,26.75
37153691,26.74
37160881,26.73
37162762,26.72
37165221,26.73
37171366,26.72
37179484,26.71
37187249,26.7
37191857,26.69
37194104,26.68
37196138,26.67
37200440,26.66
37201099,26.67
37201249,26.66
37204123,26.65
37205500,26.66
37207604,26.67
37207656,26.68
37223936,26.69
37230359,26.68
37237139,26.67
37243105,26.66
37244252,26.67
37249806,26.66
37250943,26.67
37252372,26.66
37253024,26.67
37254305,26.66
37258247,26.67
37262064,26.68
37263128,26.67
37280072,26.66
37288609,26.65
37291826,26.64
37293848,26.63
37306335,26.62
37317353,26.61
37319964,26.62
37321914,26.63
37323069,26.62
37325963,26.63
37330791,26.64
37330963,26.65
37331874,26.64
37334028,26.65
37335255,26.64
37340638,26.65
37367442,26.64
37378416,26.65
37392252,26.66
37401492,26.67
37427157,26.68
37445083,26.67
37445169,26.66
37451664,26.67
37453387,26.68
37455369,26.69
37456652,26.7
37456840,26.69
37456841,26.69
37456997,26.7
37463320,26.69
37464228,26.68
37465656,26.69
37472142,26.7
37472272,26.69
37473431,26.7
37474806,26.71
37479773,26.72
37480231,26.73
37480240,26.72
37480611,26.73
37489272,26.72
37491636,26.73
37493459,26.72
37499850,26.73
37516842,26.72
37518713,26.71
37520834,26.72
37527254,26.71
37529942,26.72
37541927,26.71
37553449,26.72
37560303,26.73
37560304,26.72
37560305,26.73
37560311,26.72
37560314,26.73
37560415,26.74
37560416,26.74
37560438,26.75
37569838,26.76
37576001,26.77
37584442,26.76
37584899,26.75
37606518,26.74
37621724,26.73
37626379,26.72
37628646,26.73
37645222,26.74
37646863,26.75
37677247,26.74
37687179,26.75
37687292,26.76
37695610,26.75
37698852,26.76
37717912,26.75
37717915,26.76
37723477,26.77
37723804,26.78
37729034,26.77
37766837,26.78
37771406,26.77
37773315,26.78
37789173,26.77
37789177,26.78
37794538,26.79
37794671,26.8
37795879,26.79
37816878,26.8
37822322,26.81
37824787,26.82
37858918,26.81
37866383,26.81
37866384,26.8
37866751,26.79
37870589,26.78
37880231,26.79
37880527,26.8
37893813,26.81
37919371,26.8
37923507,26.81
37925826,26.8
37951322,26.79
37955587,26.8
37955612,26.81
37971203,26.82
37976331,26.83
37976609,26.84
37977554,26.85
37977894,26.84
37982287,26.83
37988511,26.84
38051085,26.83
38055379,26.84
38062291,26.83
38064805,26.84
38079686,26.85
38079690,26.84
38081771,26.83
38093157,26.84
38096122,26.85
38096428,26.86
38099034,26.85
38104177,26.86
38110024,26.87
38111684,26.88
38114031,26.89
38114330,26.88
38118102,26.89
38118310,26.88
38119089,26.87
38120242,26.88
38120267,26.89
38120337,26.88
38125133,26.89
38133094,26.88
38133797,26.89
38136994,26.88
38151626,26.89
38152439,26.88
38154027,26.87
38165869,26.86
38205732,26.85
38205956,26.84
38211703,26.85
38213837,26.86
38217810,26.87
38222186,26.88
38245752,26.87
38270731,26.86
38294546,26.85
38297867,26.84
38298385,26.83
38303018,26.82
38306034,26.83
38306131,26.84
38306566,26.83
38316400,26.84
38323293,26.85
38324540,26.86
38332104,26.87
38338093,26.86
38338639,26.85
38345818,26.86
38348891,26.85
38355022,26.86
38357153,26.85
38382184,26.86
38390302,26.85
38399280,26.84
38405657,26.83
38433822,26.84
38433894,26.85
38437724,26.84
38438675,26.83
38448973,26.84
38454129,26.83
38463249,26.82
38464102,26.81
38465127,26.8
38480897,26.79
38481239,26.78
38482596,26.77
38483464,26.78
38485990,26.79
38486298,26.8
38499295,26.81
38526292,26.8
38548074,26.81
38570371,26.82
38570372,26.81
38570403,26.81
38573377,26.82
38583769,26.81
38586452,26.82
38587868,26.81
38605458,26.8
38631106,26.79
38633429,26.78
38634818,26.79
38663809,26.79
38663810,26.8
38663811,26.79
38663816,26.8
38663886,26.81
38663925,26.8
38663998,26.79
38664642,26.8
38667300,26.81
38678154,26.8
38678331,26.79
38680594,26.8
38680821,26.81
38696726,26.8
38704223,26.79
38709292,26.8
38721847,26.79
38740425,26.8
38749521,26.79
38763116,26.8
38784561,26.79
38792571,26.8
38822374,26.79
38847563,26.8
38868033,26.81
38871345,26.8
38874021,26.81
38874247,26.82
38874892,26.81
38878899,26.82
38879107,26.81
38879108,26.81
38879211,26.8
38881230,26.81
38881310,26.82
38891738,26.83
38913913,26.82
38921177,26.81
38933705,26.82
38943042,26.83
38950575,26.82
38950866,26.81
38951500,26.82
38960421,26.83
38966108,26.82
38966110,26.83
38990067,26.84
38991319,26.83
38991414,26.82
39002382,26.83
39002408,26.84
39002549,26.85
39008308,26.86
39017325,26.87
39020199,26.86
39024030,26.87
39037049,26.88
39037050,26.87
39037060,26.88
39037063,26.87
39057297,26.88
39066607,26.89
39069405,26.88
39073403,26.87
39073565,26.86
39086387,26.85
39088354,26.84
39094087,26.85
39097984,26.84
39108814,26.85
39111776,26.86
39117509,26.85
39118838,26.86
39122601,26.87
39128422,26.86
39128606,26.85
39153949,26.84
39154108,26.83
39166325,26.84
39176985,26.85
39178162,26.84
39178489,26.83
39186568,26.84
39254755,26.83
39254855,26.82
39256028,26.81
39256110,26.82
39258063,26.83
39260247,26.82
39261176,26.81
39262313,26.82
39263844,26.81
39268084,26.8
39268568,26.79
39284056,26.8
39284440,26.79
39303990,26.8
39305362,26.81
39312959,26.8
39318900,26.79
39323963,26.8
39336643,26.81
39341611,26.8
39362335,26.81
39378798,26.82
39421463,26.83
39434134,26.84
39439492,26.85
39441929,26.86
39443109,26.87
39443784,26.86
39449419,26.87
39450622,26.86
39451967,26.85
39452122,26.84
39460928,26.85
39476920,26.86
39503008,26.85
39503098,26.84
39509564,26.85
39512008,26.84
39518962,26.85
39520132,26.84
39521647,26.85
39521974,26.86
39523634,26.87
39523715,26.86
39527540,26.85
39530654,26.86
39530704,26.87
39530989,26.86
39532839,26.85
39536096,26.86
39549294,26.85
39552736,26.86
39553861,26.85
39554077,26.84
39569438,26.85
39569512,26.86
39582105,26.87
39624099,26.88
39627993,26.87
39629836,26.88
39630616,26.87
39630826,26.88
39633191,26.87
39640083,26.88
39642857,26.89
39645154,26.88
39648383,26.89
39658857,26.9
39660846,26.89
39665523,26.89
39674394,26.9
39674396,26.89
39680813,26.9
39680814,26.89
39684902,26.9
39684903,26.89
39697757,26.9
39697758,26.89
39699356,26.9
39713027,26.91
39727800,26.92
39733628,26.91
39744257,26.92
39755152,26.91
39755560,26.9
39755578,26.91
39767987,26.9
39771752,26.91
39780348,26.92
39785095,26.91
39869110,26.9
39869114,26.91
39875810,26.9
39899057,26.91
39916376,26.92
39933253,26.91
39939190,26.9
39948834,26.89
39958897,26.9
39960367,26.91
39960749,26.92
39967500,26.91
39973529,26.92
39973559,26.93
39980955,26.92
39984236,26.93
40005118,26.94
40005368,26.93
40005772,26.92
40012206,26.93
40014161,26.92
40016867,26.91
40016994,26.9
40018269,26.91
40031227,26.9
40036250,26.89
40067632,26.88
40070918,26.89
40078535,26.88
40090857,26.89
40093412,26.88
40093417,26.89
40094699,26.88
40129945,26.89
40133194,26.88
40142193,26.89
40146414,26.88
40146444,26.89
40146762,26.88
40167543,26.87
40173345,26.86
40176328,26.85
40176680,26.84
40176800,26.85
40176888,26.86
40176974,26.87
40177174,26.86
40177892,26.87
40178438,26.88
40180358,26.87
40180389,26.88
40180490,26.87
40180556,26.88
40184740,26.87
40184805,26.88
40188807,26.87
40188871,26.88
40191235,26.87
40191491,26.88
40193724,26.87
40195436,26.88
40241055,26.89
40252067,26.9
40259784,26.89
40262581,26.9
40264724,26.89
40287049,26.9
40287881,26.89
40292011,26.9
40292918,26.89
40302422,26.9
40314789,26.89
40317481,26.9
40319758,26.91
40320074,26.92
40322654,26.91
40332057,26.92
40334204,26.91
40338619,26.9
40339801,26.91
40352755,26.9
40362428,26.91
40363406,26.9
40363407,26.9
40363408,26.9
40375092,26.91
40378724,26.9
40380420,26.91
40453287,26.92
40454493,26.93
40463880,26.94
40468631,26.95
40469027,26.94
40469359,26.95
40472907,26.94
40526259,26.93
40526546,26.92
40526790,26.93
40559051,26.92
40559656,26.93
40559679,26.94
40560361,26.93
40619703,26.92
40668009,26.91
40698403,26.92
40779955,26.93
40780427,26.94
40784495,26.93
40784866,26.94
40790686,26.93
40794894,26.94
40797446,26.93
40835768,26.94
40842920,26.95
40881457,26.96
40882935,26.95
40899442,26.96
40904984,26.95
40918449,26.94
40933863,26.93
40951392,26.92
40952111,26.93
40973961,26.94
40975640,26.95
40994482,26.96
41005169,26.97
41016182,26.98
41018497,26.99
41021094,26.98
41025514,26.99
41029070,26.98
41047346,26.97
41055475,26.98
41055819,26.97
41056868,26.98
41057894,26.99
41108998,26.98
41127654,26.97
41138965,26.98
41139059,26.99
41146724,26.98
41147258,26.97
41147279,26.98
41154503,26.99
41156143,26.98
41190963,26.97
41219697,26.96
41236642,26.95
41253424,26.96
41255946,26.97
41262897,26.98
41270486,26.97
41287524,26.98
41310383,26.97
41318933,26.98
41331089,26.97
41331207,26.96
41331706,26.95
41333242,26.96
41360503,26.97
41369318,26.98
41370340,26.97
41372113,26.98
41473764,26.97
41514835,26.96
41524935,26.95
41559980,26.94
41694031,26.93
41700366,26.92
41724836,26.91
41860659,26.9
41873522,26.89
41875787,26.9
41899605,26.89
41907193,26.9
41908787,26.91
41909541,26.92
41915581,26.93
41917088,26.92
41917090,26.91
41917155,26.9
41963983,26.89
41964287,26.88
41983780,26.87
41985607,26.88
41997871,26.87
42006229,26.86
42006259,26.87
42027999,26.88
42047417,26.89
42047502,26.9
42101397,26.89
42102553,26.88
42173885,26.89
42189721,26.88
42189733,26.89
42260073,26.88
42261053,26.89
42263046,26.88
42263542,26.87
42272598,26.86
42299138,26.85
42312015,26.86
42312084,26.87
42349020,26.86
42351353,26.85
42351480,26.86
42390898,26.87
42400495,26.86
42401671,26.85
42406270,26.84
42407436,26.85
42407465,26.86
42419220,26.85
42419221,26.86
42426641,26.87
42434309,26.86
42434460,26.85
42434553,26.84
42434888,26.83
42434961,26.82
42442313,26.83
42442968,26.84
42443716,26.83
42443818,26.82
42457735,26.83
42463387,26.84
42463565,26.83
42465193,26.84
42465232,26.85
42482191,26.86
42482633,26.87
42487147,26.86
42494366,26.85
42494450,26.84
42494566,26.83
42497914,26.84
42504276,26.83
42504318,26.82
42504320,26.83
42573677,26.84
42586922,26.85
42634834,26.86
42641436,26.87
42641653,26.88
42641766,26.87
42651986,26.86
42654249,26.85
42654612,26.84
42663141,26.83
42663244,26.82
42674624,26.81
42674626,26.82
42690486,26.83
42701679,26.84
42706084,26.83
42706165,26.82
42729562,26.83
42729606,26.84
42729860,26.83
42733963,26.84
42735066,26.85
42740316,26.86
42750181,26.85
42761502,26.84
42762575,26.83
42773517,26.82
42802592,26.83
42814662,26.84
42860881,26.83
42861536,26.82
42900485,26.83
42900691,26.84
42900867,26.83
42908947,26.82
42952454,26.83
42955759,26.84
42958825,26.85
43019871,26.86
43028120,26.85
43032221,26.84
43036759,26.85
43040786,26.84
43046729,26.85
43056650,26.84
43058993,26.83
43062463,26.84
43072059,26.83
43165911,26.84
43165969,26.85
43166526,26.84
43167393,26.85
43179495,26.86
43200083,26.87
43206933,26.88
43207416,26.89
43207524,26.88
43207530,26.89
43207549,26.88
43207577,26.89
43207624,26.88
43215916,26.87
43218556,26.88
43222943,26.87
43275087,26.88
43290286,26.89
43309858,26.88
43313265,26.87
43323613,26.88
43339078,26.87
43339185,26.86
43342453,26.87
43342611,26.88
43364770,26.87
43437250,26.86
43437652,26.85
43457006,26.84
43457211,26.83
43503042,26.82
43519666,26.81
43689572,26.82
43695714,26.83
43697922,26.84
43784124,26.83
43784126,26.84
43809479,26.83
43826440,26.84
43831261,26.84
43831262,26.83
43926180,26.84
43928626,26.83
44038062,26.84
44038063,26.83
44038064,26.84
44047590,26.85
44047640,26.86
44057769,26.87
44057839,26.88
44123548,26.89
44129636,26.9
44129637,26.89
44129661,26.9
44169373,26.89
44227121,26.9
44251031,26.91
44284743,26.92
44284744,26.91
44284745,26.92
44293468,26.91
44307831,26.9
44307922,26.89
44347450,26.88
44354243,26.89
44358808,26.9
44368252,26.91
44375006,26.9
44384046,26.89
44421271,26.88
44424324,26.87
44431684,26.88
44432733,26.87
44468617,26.86
44468635,26.85
44498573,26.84
44544837,26.85
44548046,26.86
44548410,26.87
44548514,26.88
44570477,26.89
44601792,26.88
44630143,26.87
44630145,26.88
44631931,26.87
44632220,26.86
44672428,26.85
44683067,26.84
44690934,26.85
44702259,26.84
44818048,26.85
44818222,26.86
44827670,26.87
44828521,26.88
44847112,26.89
44849654,26.9
44849656,26.89
44849667,26.9
44849801,26.89
44850086,26.9
44850237,26.91
44857497,26.92
44858772,26.91
44864464,26.92
44885420,26.93
44909520,26.92
44909613,26.91
44909878,26.92
44910809,26.91
44911517,26.9
44913722,26.89
44936416,26.9
44936461,26.91
44943214,26.9
45010517,26.91
45032977,26.9
45089320,26.89
45119204,26.9
45119366,26.89
45241534,26.88
45283115,26.87
45314444,26.86
45337827,26.87
45367279,26.88
45444600,26.89
45465971,26.9
45477466,26.91
45477467,26.9
45494395,26.91
45504895,26.9
45513743,26.91
45572061,26.9
45574779,26.91
45582773,26.9
45587982,26.91
45591712,26.92
45599872,26.93
45605739,26.92
45615758,26.93
45749141,26.92
45779395,26.93
45783728,26.92
45812150,26.93
45814214,26.94
45824671,26.95
45825985,26.96
45863193,26.97
45866850,26.96
45909739,26.97
46015545,26.96
46015579,26.95
46102536,26.94
46425870,26.95
46429068,26.96
46453730,26.97
46458393,26.96
46463474,26.97
46513107,26.98
46556677,26.99
46571716,26.98
46604850,26.99
46614538,26.98
46656935,26.99
46674514,27.0
46676577,27.01
46676579,27.0
46676581,27.01
46677796,27.0
46812303,27.01
46812308,27.0
47105413,27.01
47108137,27.02
47109904,27.03
47156781,27.04
47165602,27.05
47174815,27.06
47189314,27.07
47277568,27.08
47282074,27.07
47287237,27.08
47289962,27.07
47343041,27.06
47399623,27.05
47399925,27.04
47400441,27.03
47411889,27.02
47415774,27.01
47416489,27.0
47416912,26.99
47423779,27.0
47454789,26.99
47473001,26.98
47489076,26.99
47492569,26.98
47517802,26.97
47527016,26.98
47543721,26.99
47543907,27.0
47570670,26.99
47573286,26.98
47573545,26.97
47573679,26.96
47623318,26.97
47641265,26.98
47651357,26.99
47651358,26.98
47651372,26.99
47651386,26.98
47663922,26.97
47664746,26.96
47667818,26.95
47670774,26.94
47671281,26.93
47672839,26.94
47693765,26.93
47698807,26.92
47712324,26.93
47712448,26.94
47719188,26.95
47721413,26.96
47814407,26.97
47825416,26.98
47825571,26.99
47830303,26.98
47832941,26.99
47868861,27.0
47869170,27.01
47882195,27.02
47890392,27.01
47916177,27.02
47985264,27.01
48001444,27.0
48006715,26.99
48017009,26.98
48110747,26.97
48127126,26.98
48135419,26.99
48137870,26.98
48158394,26.99
48202751,27.0
48205597,26.99
48211318,27.0
48211352,27.01
48213151,27.0
48217314,27.01
48226123,27.02
48239976,27.03
48307302,27.02
48333765,27.01
48367756,27.02
48367879,27.03
48375932,27.02
48382876,27.01
48396787,27.0
48406328,26.99
48420370,26.98
48443115,26.99
48443208,27.0
48533508,27.01
48533556,27.02
48533557,27.01
48533559,27.02
48535477,27.03
48539880,27.04
48542560,27.05
48542561,27.05
48542562,27.04
48560202,27.05
48575267,27.04
48611514,27.05
48623312,27.06
48658074,27.05
48658668,27.06
48659696,27.05
48660514,27.06
48660561,27.07
48671865,27.06
48694220,27.05
48715259,27.04
48715355,27.03
48715371,27.04
48715596,27.03
48716049,27.02
48739774,27.01
48851358,27.0
48916310,26.99
48961081,26.98
48973107,26.99
48973187,27.0
49149330,26.99
49151024,27.0
49233369,27.01
49259355,27.0
49259648,27.01
49346956,27.0
49346969,27.01
49347093,27.02
49450810,27.01
49453603,27.0
49468448,26.99
49468482,27.0
49613533,26.99
49614910,26.98
49620060,26.97
49647099,26.96
49667216,26.95
49668037,26.94
49676135,26.93
49676230,26.94
49953192,26.95
49953246,26.96
49953450,26.97
49998022,26.98
50016721,26.99
50045520,26.98
50106189,26.97
50125881,26.96
50334699,26.97
50334808,26.98
50334843,26.97
50334845,26.98
50343987,26.99
50346830,27.0
50358679,26.99
50412943,27.0
50416784,26.99
50474889,26.98
50475566,26.97
50476315,26.96
50479027,26.95
50603210,26.96
50603244,26.97
50606355,26.98
50606600,26.99
50613590,26.98
50613687,26.97
50615104,26.96
50801029,26.97
50801234,26.98
50803492,26.99
50814481,26.98
50824616,26.97
50848291,26.98
50856040,26.97
50942250,26.98
50947602,26.97
51042519,26.96
51043176,26.97
51043204,26.96
51137036,26.97
51198523,26.98
51374624,26.99
51375250,27.0
51391695,26.99
51392216,26.98
51395336,26.99
51397158,26.98
51412532,26.97
51413222,26.96
51502807,26.97
51502940,26.98
51505158,26.99
51506030,26.98
51509027,26.99
51523265,27.0
51527767,27.01
51571240,27.0
51574391,27.01
51613746,27.0
51630491,27.01
51632582,27.02
51632583,27.02
51636135,27.02
51636136,27.01
51654225,27.0
51679219,27.01
51679715,27.02
51680078,27.01
51700003,27.0
51766536,27.01
51766619,27.02
51770070,27.01
51798890,27.02
51812287,27.03
51815368,27.04
51817683,27.05
51833934,27.04
51898510,27.03
51898938,27.02
51900315,27.01
51918598,27.02
51930318,27.03
51931903,27.02
51957664,27.01
51965154,27.0
51966783,26.99
51969844,27.0
51970725,27.01
52042722,27.0
52054256,27.01
52058824,27.02
52062342,27.02
52062343,27.01
52062503,27.0
52068435,26.99
52109819,27.0
52109866,27.01
52110003,27.0
52110084,26.99
52119233,27.0
52119540,27.01
52149223,27.02
52151153,27.03
52162021,27.04
52169787,27.03
52174057,27.02
52174336,27.01
52201649,27.02
52202445,27.03
52202772,27.02
52204974,27.03
52219783,27.02
52239435,27.01
52252192,27.02
52271886,27.03
52273612,27.02
52307801,27.03
52310876,27.02
52336888,27.01
52363740,27.0
52367847,26.99
52367849,27.0
52373556,26.99
52377292,26.98
52386255,26.99
52387173,27.0
52391029,27.01
52395429,27.0
52397009,26.99
52422452,26.98
52640906,26.99
52642517,27.0
52652421,26.99
52654438,26.98
52737339,26.99
52783392,27.0
52829116,27.01
52834184,27.02
52834461,27.03
52834902,27.02
52835435,27.03
52837038,27.02
52878350,27.01
52881183,27.02
52927644,27.01
52927645,27.01
52927826,27.0
53024433,26.99
53048355,26.98
53077282,26.99
53081206,27.0
53095019,26.99
53095162,26.98
53098943,26.99
53099450,26.98
53116410,26.97
53132033,26.96
53139934,26.97
53176558,26.96
53211095,26.95
53220930,26.96
53228603,26.97
53231618,26.98
53234216,26.97
53267906,26.96
53276994,26.95
53283394,26.96
53285486,26.95
53286659,26.96
53286842,26.97
53351688,26.98
53382660,26.97
53383140,26.98
53384624,26.99
53384976,27.0
53395214,26.99
53397255,27.0
53437760,26.99
53503232,26.98
53568156,26.99
53570295,27.0
53632632,26.99
53688301,27.0
53738037,27.01
53745462,27.0
53745519,27.01
53755758,27.0
53788228,27.01
53788484,27.02
53789391,27.01
53789982,27.02
53790074,27.01
53790766,27.02
53791027,27.03
53793358,27.04
53796257,27.05
53801038,27.04
53813313,27.03
53815213,27.02
53829364,27.01
53870014,27.02
53870096,27.03
53877052,27.04
53880944,27.05
53885714,27.04
53929588,27.05
53933558,27.06
53949328,27.07
53955359,27.06
53956327,27.05
53958726,27.04
53959300,27.03
53961157,27.04
53967507,27.05
53980800,27.04
53980801,27.04
54002404,27.03
54002495,27.02
54006626,27.01
54008466,27.02
54014696,27.01
54014775,27.02
54014903,27.01
54015376,27.0
54025827,26.99
54025968,26.98
54026588,26.99
54032343,26.98
54034316,26.97
54035613,26.96
54036915,26.97
54040513,26.98
54042020,26.99
54044046,26.98
54044285,26.99
54061458,26.98
54062146,26.97
54077630,26.98
54089197,26.99
54101041,26.98
54102549,26.99
54109611,27.0
54135867,26.99
54136887,26.98
54145066,26.97
54146137,26.96
54147466,26.97
54150856,26.96
54155185,26.97
54156841,26.98
54161123,26.97
54209139,26.96
54249614,26.97
54276425,26.96
54316693,26.95
54323564,26.94
54323820,26.93
54323976,26.94
54391727,26.93
54412363,26.92
54413343,26.91
54418024,26.9
54418026,26.91
54421309,26.9
54421310,26.91
54430564,26.92
54433714,26.93
54468221,26.94
54482573,26.95
54497076,26.94
54608773,26.93
54622954,26.92
54623207,26.91
54685464,26.92
54709845,26.93
54810431,26.94
54846691,26.93
54859651,26.92
54911061,26.93
54911648,26.94
54930524,26.95
54931141,26.96
54948520,26.97
54957787,26.96
54971437,26.97
54971506,26.96
54981607,26.97
54993044,26.96
54993435,26.95
55147534,26.94
55157131,26.93
55240318,26.94
55269513,26.93
55269680,26.92
55281180,26.93
55285476,26.92
55286509,26.91
55340288,26.9
55340814,26.91
55340975,26.92
55369318,26.93
55435569,26.94
55442313,26.95
55442624,26.96
55473843,26.97
55489977,26.98
55500027,26.97
55514463,26.96
55519700,26.95
55549366,26.96
55550277,26.97
55557505,26.96
55601235,26.95
55604629,26.94
55646555,26.93
55653844,26.94
55677028,26.93
55770746,26.94
56001895,26.95
56002718,26.96
56010879,26.97
56023061,26.98
56053623,26.99
56053649,26.98
56068787,26.99
56073448,26.98
56081292,26.99
56104306,27.0
56106040,27.01
56109238,27.0
56111291,27.01
56112477,27.02
56113638,27.02
56113639,27.01
56129486,27.02
56131321,27.01
56159925,27.0
56161030,26.99
56199686,27.0
56203309,27.01
56286269,27.0
56291298,26.99
56364629,27.0
56404245,27.01
56445869,27.0
56446287,26.99
56456530,26.98
56457543,26.97
56458665,26.98
56462277,26.99
56478799,26.98
56478956,26.97
56528299,26.96
56539890,26.95
56560035,26.94
56561658,26.95
56572958,26.94
56580345,26.93
56620588,26.94
56620862,26.95
56621624,26.96
56643059,26.95
56702769,26.96
56719223,26.97
56728460,26.96
56729611,26.95
56729799,26.94
56755233,26.93
56764288,26.92
56772392,26.93
56772600,26.94
56807546,26.95
56807948,26.96
56808748,26.97
56819776,26.96
56819922,26.95
56820416,26.94
56828221,26.93
56832993,26.94
56834358,26.95
56847404,26.94
56854723,26.95
56855930,26.94
56896795,26.93
56924168,26.94
56943926,26.93
56954888,26.94
56961930,26.93
56962406,26.94
56969708,26.93
57001093,26.94
57014183,26.95
57014713,26.94
57020133,26.95
57038100,26.96
57041084,26.95
57044030,26.96
57046305,26.97
57053665,26.96
57054234,26.95
57079092,26.94
57082640,26.95
57103955,26.94
57113416,26.93
57166294,26.92
57179121,26.91
57179290,26.92
57197024,26.93
57197196,26.94
57199115,26.95
57199307,26.94
57208066,26.95
57218865,26.96
57218867,26.95
57219299,26.96
57219300,26.95
57219303,26.95
57328779,26.96
57328780,26.95
57328782,26.95
57328783,26.96
57328784,26.96
57328785,26.95
57330244,26.96
57346888,26.97
57362737,26.96
57367052,26.95
57369825,26.94
57380621,26.93
57416668,26.92
57432259,26.93
57434716,26.94
57435742,26.95
57443415,26.94
57443775,26.93
57446199,26.92
57449777,26.93
57450836,26.92
57452796,26.93
57454339,26.94
57455604,26.95
57465250,26.94
57476572,26.93
57477252,26.92
57480657,26.93
57483586,26.94
57495425,26.95
57495426,26.94
57495427,26.94
57495894,26.95
57495895,26.94
57497151,26.95
57504682,26.96
57515006,26.97
57520034,26.98
57521692,26.97
57523846,26.98
57524041,26.97
57576334,26.98
57586880,26.99
57586925,27.0
57587035,26.99
57587246,26.98
57590310,26.99
57590907,26.98
57591099,26.99
57591719,27.0
57601145,27.01
57601245,27.02
57603265,27.03
57603911,27.0
57606361,26.99
57606372,26.99
57606486,27.02
57606701,27.02
57608197,27.02
57638489,27.02
57660228,27.03
57660229,27.04
57662982,27.03
57662983,27.02
57662999,27.04
57675651,27.03
57675652,27.02
57675656,27.04
57684355,27.01
57684356,27.0
57687223,26.99
57687224,26.98
57726264,26.99
57745667,27.01
57767341,27.0
57767360,27.01
57768146,27.0
57768157,27.01
57798157,27.0
57798162,27.01
57828157,27.0
57873325,27.01
57901194,27.0
57901198,27.01
57931157,27.0
57943017,26.98
58356255,26.99
